{
  "editor:toggle-source": [
    {
      "modifiers": [
        "Mod",
        "Shift"
      ],
      "key": "E"
    }
  ],
  "insert-template": [
    {
      "modifiers": [
        "Mod"
      ],
      "key": "T"
    }
  ],
  "workspace:new-tab": [],
  "obsidian-outliner:move-list-item-down": [
    {
      "modifiers": [
        "Mod"
      ],
      "key": "ArrowDown"
    }
  ],
  "obsidian-outliner:move-list-item-up": [
    {
      "modifiers": [
        "Mod"
      ],
      "key": "ArrowUp"
    }
  ],
  "obsidian-outliner:fold": [],
  "obsidian-outliner:unfold": [],
  "app:go-back": [
    {
      "modifiers": [
        "Mod",
        "Alt"
      ],
      "key": "ArrowLeft"
    },
    {
      "modifiers": [
        "Mod"
      ],
      "key": "ArrowLeft"
    }
  ],
  "app:go-forward": [
    {
      "modifiers": [
        "Mod",
        "Alt"
      ],
      "key": "ArrowRight"
    },
    {
      "modifiers": [
        "Mod"
      ],
      "key": "ArrowRight"
    }
  ]
}